plant,Genotype,WaterCondition,Temperature
1,WT,Normal,30
1,WT,Normal,31
1,WT,Normal,31.6
1,WT,Normal,31.9
2,WT,Normal,32
2,WT,Normal,32.1
2,WT,Normal,32.7
2,WT,Normal,33.5
3,mutant,Normal,30
3,mutant,Normal,31
3,mutant,Normal,31.5
3,mutant,Normal,32
4,mutant,Normal,32.4
4,mutant,Normal,33
4,mutant,Normal,33
4,mutant,Normal,33.7
5,WT,Drought,35.8
5,WT,Drought,36.4
5,WT,Drought,37.2
5,WT,Drought,38.1
6,WT,Drought,39.6
6,WT,Drought,39.8
6,WT,Drought,39.8
6,WT,Drought,42
7,mutant,Drought,28.9
7,mutant,Drought,29.8
7,mutant,Drought,30.9
7,mutant,Drought,31
8,mutant,Drought,31.7
8,mutant,Drought,32.9
8,mutant,Drought,33.6
8,mutant,Drought,34.7
